LogID,Timestamp,UserID,Role,Endpoint,HTTP_Response,endpoint_level_1,endpoint_level_2,endpoint_level_3,hour,day_of_week,is_unusual_time,is_internal_ip,is_authorized,HTTP_Method_DELETE,HTTP_Method_GET,HTTP_Method_HEAD,HTTP_Method_OPTIONS,HTTP_Method_PATCH,HTTP_Method_POST,HTTP_Method_PUT,role_risk,req_freq_5min,inventory_change_rate,role_encoded,endpoint_l1_encoded,predicted_anomaly,anomaly_score
b8ea5d16-4fe5-43a5-8f24-148c9e20c440,2024-12-10 14:41:21,1,Doctor,/patient/insurance/7118,403,6,3,6247,14,1,0,1,1,0.0,0.0,0.0,0.0,0.0,1.0,0.0,0,0.0,0.0,1,6,0,0.0
e5d79632-d75c-4ff9-b1de-cd6b4090986b,2025-01-15 08:51:44,1,Doctor,/claims/status/8702,200,2,14,7991,8,2,0,1,1,0.0,1.0,0.0,0.0,0.0,0.0,0.0,0,0.0,0.0,1,2,0,0.0
3c100e52-ec5c-49c1-96ef-237b97e3b3c4,2024-12-24 06:16:20,4,Doctor,/pharmacy/refills/5674,200,7,10,4643,6,1,0,1,1,0.0,1.0,0.0,0.0,0.0,0.0,0.0,0,0.0,0.0,1,7,0,0.0
021a0f37-344d-4fe2-bac2-87a9f99eff1e,2025-01-02 22:51:24,4,Doctor,/patient/insurance/4888,200,6,3,3782,22,3,1,1,1,0.0,1.0,0.0,0.0,0.0,0.0,0.0,0,0.0,0.0,1,6,0,0.0
e3ca1a40-7f2a-47db-bed7-82bd3a5ff4eb,2025-02-17 04:54:36,4,Doctor,/patient/appointments/821,200,6,0,7449,4,0,1,1,1,0.0,0.0,1.0,0.0,0.0,0.0,0.0,0,0.0,0.0,1,6,0,0.0
2af94a35-ddcd-4e27-9550-f2e5344248c5,2025-01-09 15:13:33,5,Doctor,/claims/status/3040,302,2,14,1928,15,3,0,1,1,0.0,1.0,0.0,0.0,0.0,0.0,0.0,0,0.0,0.0,1,2,0,0.0
2dbe527d-1474-4226-9d88-7e30102d479c,2025-02-02 11:40:54,6,Doctor,/patient/appointments/cancel,200,6,0,9417,11,6,0,1,0,0.0,1.0,0.0,0.0,0.0,0.0,0.0,0,0.0,0.0,1,6,0,0.0
a318d9a0-af69-4fc2-9b70-33aeb382b31d,2025-02-19 08:52:11,6,Doctor,/patient/appointments/cancel,200,6,0,9417,8,2,0,1,1,0.0,0.0,1.0,0.0,0.0,0.0,0.0,0,0.0,0.0,1,6,0,0.0
a6514fa2-f684-49bb-8fbd-016d7f06395a,2024-12-11 12:48:47,8,Doctor,/lab/tests/8112,304,4,15,7342,12,2,0,1,1,0.0,0.0,1.0,0.0,0.0,0.0,0.0,0,0.0,0.0,1,4,0,0.0
98398606-c358-464b-b157-82448e046ab8,2025-01-24 01:05:03,8,Doctor,/patient/labs/3576,200,6,6,2465,1,4,1,1,1,0.0,0.0,0.0,0.0,0.0,0.0,1.0,0,0.0,0.0,1,6,0,0.0
9992318f-8e86-43e9-80fa-8bd8edc5db1a,2025-02-14 19:46:13,9,Doctor,/patient/appointments/cancel,200,6,0,9417,19,4,0,1,0,0.0,1.0,0.0,0.0,0.0,0.0,0.0,0,0.0,0.0,1,6,0,0.0
65db7978-246b-4436-9422-c7766c6d92cb,2025-01-24 13:35:42,10,Doctor,/patient/appointments/cancel,304,6,0,9417,13,4,0,1,0,0.0,1.0,0.0,0.0,0.0,0.0,0.0,0,0.0,0.0,1,6,0,0.0
b81027b2-f58a-4bf8-8923-9ac9c468d771,2024-12-20 07:22:27,11,Doctor,/patient/appointments/868,200,6,0,7966,7,4,0,1,1,0.0,0.0,0.0,0.0,0.0,1.0,0.0,0,0.0,0.0,1,6,0,0.0
f2c8c913-ff3a-412a-aee9-438670d1d027,2025-02-13 11:45:23,11,Doctor,/pharmacy/orders/6139,200,7,8,5160,11,3,0,1,1,0.0,1.0,0.0,0.0,0.0,0.0,0.0,0,0.0,0.0,1,7,0,0.0
07867194-1252-4c68-b021-cda69a173a32,2025-01-25 12:49:31,12,Doctor,/pharmacy/orders/7306,200,7,8,6454,12,5,0,1,1,0.0,1.0,0.0,0.0,0.0,0.0,0.0,0,0.0,0.0,1,7,0,0.0
3a34bef1-3981-4057-acad-f5d08079dc59,2024-12-04 10:43:21,13,Doctor,/pharmacy/orders/5692,200,7,8,4663,10,2,0,1,1,0.0,0.0,0.0,0.0,0.0,1.0,0.0,0,0.0,0.0,1,7,0,0.0
75e7ef81-88ea-4504-a102-9181cb9f714b,2025-01-03 16:50:00,13,Doctor,/patient/appointments/cancel,201,6,0,9417,16,4,0,1,0,0.0,1.0,0.0,0.0,0.0,0.0,0.0,0,0.0,0.0,1,6,0,0.0
55aa0699-02aa-4de2-aa39-8f34a66d933e,2025-01-07 08:32:40,13,Doctor,/patient/appointments/774,200,6,0,6931,8,1,0,1,1,0.0,0.0,0.0,0.0,0.0,0.0,1.0,0,0.0,0.0,1,6,0,0.0
ffe8293a-f6b5-4b0f-809f-d3d68da45653,2024-12-18 04:20:40,14,Doctor,/pharmacy/refills/8062,200,7,10,7287,4,2,1,1,1,0.0,0.0,0.0,0.0,0.0,1.0,0.0,0,0.0,0.0,1,7,0,0.0
50eeed52-e91d-49b6-8e03-90a18235a990,2025-01-12 13:44:18,14,Doctor,/patient/labs/6891,302,6,6,5995,13,6,0,1,1,0.0,0.0,0.0,0.0,1.0,0.0,0.0,0,0.0,0.0,1,6,0,0.0
159d7f1e-f77f-4fb3-b3a0-df7e0784e186,2025-02-16 04:24:55,15,Doctor,/patient/appointments/cancel,200,6,0,9417,4,6,1,1,0,0.0,1.0,0.0,0.0,0.0,0.0,0.0,0,0.0,0.0,1,6,0,0.0
dc3b9181-e895-4ca9-b977-4985fda90944,2024-12-04 11:48:58,16,Doctor,/lab/tests/9736,200,4,15,9127,11,2,0,1,1,0.0,0.0,0.0,0.0,0.0,1.0,0.0,0,0.0,0.0,1,4,0,0.0
5f598f09-a6e7-4ea8-a0fd-b8a23e5e9dd1,2024-12-08 14:37:26,16,Doctor,/pharmacy/orders/5376,500,7,8,4312,14,6,0,1,1,0.0,1.0,0.0,0.0,0.0,0.0,0.0,0,0.0,0.0,1,7,0,0.0
eaec4572-cdb3-4801-a469-e70fb32b09db,2024-12-25 12:00:59,16,Doctor,/claims/status/9988,200,2,14,9404,12,2,0,1,1,0.0,0.0,0.0,0.0,0.0,1.0,0.0,0,0.0,0.0,1,2,0,0.0
ecec24b0-0eae-41f1-a109-52cbc3cf222d,2024-12-09 14:08:01,17,Doctor,/patient/appointments/confirm,500,6,0,9418,14,0,0,1,1,0.0,0.0,0.0,0.0,0.0,0.0,1.0,0,0.0,0.0,1,6,0,0.0
1f0587a9-8723-48c9-9ebd-75935fdbba20,2024-12-03 23:01:56,18,Doctor,/patient/appointments/confirm,403,6,0,9418,23,1,1,1,0,0.0,1.0,0.0,0.0,0.0,0.0,0.0,0,0.0,0.0,1,6,0,0.0
a1222488-ab06-40d4-a2f6-63725e06a114,2024-11-28 08:37:08,19,Doctor,/patient/appointments/confirm,201,6,0,9418,8,3,0,1,1,0.0,0.0,0.0,0.0,0.0,1.0,0.0,0,0.0,0.0,1,6,0,0.0
318fee65-8954-45a1-b5e3-c2f5e968a438,2024-12-11 05:55:05,20,Doctor,/patient/appointments/confirm,302,6,0,9418,5,2,1,1,0,0.0,1.0,0.0,0.0,0.0,0.0,0.0,0,0.0,0.0,1,6,0,0.0
b569f6af-5c40-4dc8-86a1-09bd1138846b,2025-02-20 13:45:52,20,Doctor,/patient/appointments/confirm,200,6,0,9418,13,3,0,1,1,1.0,0.0,0.0,0.0,0.0,0.0,0.0,0,0.0,0.0,1,6,0,0.0
a45003f0-f580-4592-9965-ed1e4782970e,2024-12-05 01:08:11,21,Nurse,/lab/results/9034,200,4,11,8357,1,3,1,1,1,0.0,0.0,0.0,0.0,0.0,0.0,1.0,0,0.0,0.0,2,4,0,0.0
3fca002f-6e08-4fe4-9acf-a5b7f86b6b93,2024-12-06 11:17:12,21,Nurse,/patient/insurance/5407,200,6,3,4347,11,4,0,1,1,0.0,1.0,0.0,0.0,0.0,0.0,0.0,0,0.0,0.0,2,6,0,0.0
1d0fbc1f-4e9a-4da4-a55a-a371be8f7016,2024-12-14 23:23:36,21,Nurse,/patient/labs/9301,200,6,6,8651,23,5,1,1,1,0.0,1.0,0.0,0.0,0.0,0.0,0.0,0,0.0,0.0,2,6,0,0.0
52e24c7a-5a4d-4a93-8e14-49d8c4267ce2,2024-12-23 12:53:35,21,Nurse,/lab/results/8811,200,4,11,8111,12,0,0,1,1,0.0,0.0,0.0,1.0,0.0,0.0,0.0,0,0.0,0.0,2,4,0,0.0
4faf4ac6-2ead-4f20-b602-cd89f30b1b25,2025-01-03 13:18:06,21,Nurse,/patient/insurance/8830,201,6,3,8132,13,4,0,1,1,0.0,1.0,0.0,0.0,0.0,0.0,0.0,0,0.0,0.0,2,6,0,0.0
ed14cb1e-2c5b-4c7c-9659-05740f61bc8d,2025-01-05 21:25:32,21,Nurse,/billing/invoices/6055?export=true&limit=500,200,1,4,5067,21,6,1,1,1,0.0,0.0,0.0,0.0,0.0,1.0,0.0,0,0.0,0.0,2,1,0,0.0
6e910023-71f1-42e5-a7eb-f9abe9ce04ea,2025-01-16 08:29:52,21,Nurse,/patient/appointments/confirm,200,6,0,9418,8,3,0,1,0,0.0,1.0,0.0,0.0,0.0,0.0,0.0,0,0.0,0.0,2,6,0,0.0
7a169fa7-76ec-45f8-8f0f-6efd8c50e49f,2025-02-10 14:28:29,21,Nurse,/lab/results/7763,302,4,11,6957,14,0,0,1,1,0.0,0.0,0.0,0.0,0.0,1.0,0.0,0,0.0,0.0,2,4,0,0.0
fd47d4a4-785b-4d2c-91bd-a5c056dccdf8,2024-11-26 05:05:31,22,Nurse,/claims/status/3461,200,2,14,2351,5,1,1,1,1,0.0,1.0,0.0,0.0,0.0,0.0,0.0,0,0.0,0.0,2,2,0,0.0
3cdf1da6-a981-4d23-a369-465bf348de50,2024-11-27 11:47:09,22,Nurse,/pharmacy/orders/9234,200,7,8,8577,11,2,0,1,1,0.0,0.0,0.0,0.0,0.0,1.0,0.0,0,0.0,0.0,2,7,0,0.0
ecf150de-1c98-4992-af26-8a074d3931bf,2024-12-04 11:54:45,22,Nurse,/claims/status/7125,302,2,14,6255,11,2,0,1,1,0.0,1.0,0.0,0.0,0.0,0.0,0.0,0,0.0,0.0,2,2,0,0.0
b4ef13a9-05ac-40e1-a35c-8fe85b04fbf0,2025-01-17 06:58:30,22,Nurse,/patient/appointments/confirm,200,6,0,9418,6,4,0,1,1,0.0,0.0,0.0,0.0,0.0,1.0,0.0,0,0.0,0.0,2,6,0,0.0
c39963cc-c446-44fc-a5fc-49b5893822c9,2025-01-24 06:52:22,22,Nurse,/pharmacy/orders/8278,200,7,8,7524,6,4,0,1,1,0.0,1.0,0.0,0.0,0.0,0.0,0.0,0,0.0,0.0,2,7,0,0.0
e939c313-6798-498f-9280-0edf904ba66c,2025-01-08 08:03:32,23,Nurse,/patient/records/5606?export=true&limit=1000,200,6,9,4568,8,2,0,1,1,0.0,0.0,0.0,0.0,0.0,1.0,0.0,0,0.0,0.0,2,6,0,0.0
d478f818-17af-49f3-b7e4-5da5edcf7cce,2025-01-25 10:42:56,23,Nurse,/pharmacy/refills/9491,200,7,10,8860,10,5,0,1,1,0.0,1.0,0.0,0.0,0.0,0.0,0.0,0,0.0,0.0,2,7,0,0.0
f67348e1-a94d-4240-94b3-f6fa2034e030,2025-01-26 23:59:59,23,Nurse,/pharmacy/orders/5050,200,7,8,3951,23,6,1,1,1,0.0,1.0,0.0,0.0,0.0,0.0,0.0,0,0.0,0.0,2,7,0,0.0
9c9937f2-a0ba-4f8a-83a4-ed960285ad94,2025-02-09 06:53:26,23,Nurse,/pharmacy/orders/7972,302,7,8,7187,6,6,0,1,1,0.0,0.0,0.0,0.0,0.0,1.0,0.0,0,0.0,0.0,2,7,0,0.0
0d18af22-1e77-44fc-834d-4150b14a9a55,2025-02-22 23:18:24,23,Nurse,/billing/invoices/5127?export=true&limit=500,200,1,4,4036,23,5,1,1,1,0.0,0.0,0.0,0.0,0.0,1.0,0.0,0,0.0,0.0,2,1,0,0.0
646e7485-c016-4d84-810f-8cc8ee5dd582,2024-11-29 11:18:32,24,Nurse,/billing/invoices/2445?export=true&limit=500,200,1,4,1357,11,4,0,1,1,0.0,0.0,0.0,1.0,0.0,0.0,0.0,0,0.0,0.0,2,1,0,0.0
2479b438-f39b-47b9-81ae-8b6a47240cd0,2024-12-28 14:49:19,24,Nurse,/patient/appointments/confirm,201,6,0,9418,14,5,0,1,0,0.0,1.0,0.0,0.0,0.0,0.0,0.0,0,0.0,0.0,2,6,0,0.0
76d56f4e-a5b9-4083-b9a0-39dd8432ac79,2024-12-29 07:22:36,24,Nurse,/pharmacy/refills/5773,200,7,10,4753,7,6,0,1,1,0.0,1.0,0.0,0.0,0.0,0.0,0.0,0,0.0,0.0,2,7,0,0.0
b3f36912-e791-4d39-a62b-b671399a185b,2025-01-30 09:08:31,24,Nurse,/pharmacy/orders/9095,302,7,8,8424,9,3,0,1,1,0.0,0.0,0.0,0.0,0.0,1.0,0.0,0,0.0,0.0,2,7,0,0.0
bb1f0d56-644c-4057-8651-02627d64813f,2025-02-06 14:18:58,24,Nurse,/claims/status/8373,201,2,14,7629,14,3,0,1,1,0.0,1.0,0.0,0.0,0.0,0.0,0.0,0,0.0,0.0,2,2,0,0.0
dad60512-18bf-4fed-8537-8de3905d70b7,2025-02-10 10:08:53,24,Nurse,/patient/appointments/cancel,200,6,0,9417,10,0,0,1,0,0.0,1.0,0.0,0.0,0.0,0.0,0.0,0,0.0,0.0,2,6,0,0.0
ae84d8fe-3f66-4d2d-b4b1-7fe7afbd8049,2024-12-22 06:49:54,25,Nurse,/lab/results/7788,302,4,11,6984,6,6,0,1,1,0.0,0.0,0.0,0.0,0.0,1.0,0.0,0,0.0,0.0,2,4,0,0.0
e8a44aff-9d13-4f37-a97f-5aac4e967704,2025-01-01 09:27:29,25,Nurse,/pharmacy/orders/9107,200,7,8,8437,9,2,0,1,1,0.0,0.0,0.0,0.0,0.0,1.0,0.0,0,0.0,0.0,2,7,0,0.0
4bce441d-d2fa-48ce-a412-bb4d10bc41a4,2025-01-13 05:29:46,25,Nurse,/lab/tests/8493,304,4,15,7761,5,0,1,1,1,0.0,0.0,0.0,0.0,0.0,0.0,1.0,0,0.0,0.0,2,4,0,0.0
61a8b75b-2624-455e-bc64-fbe15c246045,2025-01-25 11:58:15,25,Nurse,/pharmacy/refills/6713,200,7,10,5798,11,5,0,1,1,0.0,1.0,0.0,0.0,0.0,0.0,0.0,0,0.0,0.0,2,7,0,0.0
f661710c-2ece-499f-b150-602c483f2d0c,2025-02-09 10:25:28,26,Nurse,/patient/appointments/cancel,200,6,0,9417,10,6,0,1,1,0.0,0.0,0.0,0.0,0.0,0.0,1.0,0,0.0,0.0,2,6,0,0.0
af47b4c7-ae2b-4745-8188-b282d556cccf,2024-12-15 00:45:10,27,Nurse,/patient/records/9094?export=true&limit=1000,200,6,9,8423,0,6,1,1,1,0.0,0.0,0.0,0.0,0.0,1.0,0.0,0,0.0,0.0,2,6,0,0.0
9346a530-5143-425e-a108-36a398d11ae4,2025-02-13 17:35:36,27,Nurse,/pharmacy/orders/7962,200,7,8,7176,17,3,0,1,1,0.0,1.0,0.0,0.0,0.0,0.0,0.0,0,0.0,0.0,2,7,0,0.0
abff252b-affa-4cdb-a85d-c7886f98d0a5,2025-02-16 14:22:02,27,Nurse,/patient/insurance/2102,302,6,3,1025,14,6,0,1,1,0.0,1.0,0.0,0.0,0.0,0.0,0.0,0,0.0,0.0,2,6,0,0.0
c71a7c72-b91e-4991-8a96-eb52839109ef,2024-11-27 02:12:52,28,Nurse,/patient/appointments/583,201,6,0,4816,2,2,1,1,1,0.0,0.0,0.0,0.0,0.0,1.0,0.0,0,0.0,0.0,2,6,0,0.0
88957ef9-a677-49f5-8582-d1df88816c7f,2024-12-02 00:47:16,28,Nurse,/pharmacy/refills/5914,200,7,10,4910,0,0,1,1,1,0.0,1.0,0.0,0.0,0.0,0.0,0.0,0,0.0,0.0,2,7,0,0.0
270b0eca-8cef-40d2-9b6f-71fa9bf7e746,2025-02-05 06:07:15,28,Nurse,/patient/appointments/cancel,200,6,0,9417,6,2,0,1,0,0.0,1.0,0.0,0.0,0.0,0.0,0.0,0,0.0,0.0,2,6,0,0.0
b2dcc38e-1dc6-49c8-814e-0ec82f1d00f4,2025-02-11 05:51:16,28,Nurse,/patient/labs/9241,200,6,6,8585,5,1,1,1,1,0.0,1.0,0.0,0.0,0.0,0.0,0.0,0,0.0,0.0,2,6,0,0.0
5af45180-db35-455c-bc63-c2f89c8197b8,2024-12-16 09:46:16,29,Nurse,/patient/records/2360?export=true&limit=1000,302,6,9,1274,9,0,0,1,1,0.0,0.0,0.0,0.0,0.0,1.0,0.0,0,0.0,0.0,2,6,0,0.0
cb1f304b-5047-4510-89d4-7f575a3a2010,2025-01-06 04:35:20,29,Nurse,/lab/tests/9500,200,4,15,8870,4,0,1,0,1,0.0,0.0,0.0,0.0,0.0,1.0,0.0,0,0.0,0.0,2,4,0,0.005
fdc1876f-cb3b-4e26-ab3f-040a523bc219,2025-02-15 08:44:06,29,Nurse,/billing/invoices/8253?export=true&limit=500,302,1,4,7497,8,5,0,1,1,0.0,0.0,0.0,0.0,0.0,0.0,1.0,0,0.0,0.0,2,1,0,0.0
84fe1b04-801d-4cd1-bace-8955f98d25e3,2024-11-27 13:30:24,30,Nurse,/lab/results/9298,302,4,11,8647,13,2,0,1,1,0.0,0.0,0.0,0.0,0.0,1.0,0.0,0,0.0,0.0,2,4,0,0.0
34bf6cdd-97c8-409b-9aac-641c133898b3,2024-12-03 13:26:39,30,Nurse,/patient/insurance/6556,304,6,3,5623,13,1,0,1,1,0.0,1.0,0.0,0.0,0.0,0.0,0.0,0,0.0,0.0,2,6,0,0.0
414c56da-c42a-4f75-b9ba-1ef0a58d0e45,2024-12-06 13:23:46,30,Nurse,/patient/appointments/confirm,304,6,0,9418,13,4,0,1,0,0.0,1.0,0.0,0.0,0.0,0.0,0.0,0,0.0,0.0,2,6,0,0.0
f3a74d57-dce5-4d47-83c1-c94ce7121914,2024-12-30 03:38:34,30,Nurse,/pharmacy/orders/5402,200,7,8,4342,3,0,1,1,1,0.0,0.0,0.0,0.0,0.0,1.0,0.0,0,0.0,0.0,2,7,0,0.0
ae95931a-f721-4272-8dab-ec25cc182fd2,2025-01-23 06:38:22,30,Nurse,/pharmacy/orders/8061,304,7,8,7286,6,3,0,1,1,0.0,1.0,0.0,0.0,0.0,0.0,0.0,0,0.0,0.0,2,7,0,0.0
fdbd3d43-7136-458b-974f-e8a79ba2fce2,2024-12-19 13:00:53,31,Nurse,/patient/records/8102?export=true&limit=1000,200,6,9,7331,13,3,0,1,1,0.0,0.0,0.0,0.0,0.0,1.0,0.0,0,0.0,0.0,2,6,0,0.0
9b8bbc7c-9f77-46f1-8e7d-21ae636946a3,2025-02-05 09:23:24,31,Nurse,/pharmacy/orders/5130,201,7,8,4040,9,2,0,1,1,0.0,0.0,0.0,1.0,0.0,0.0,0.0,0,0.0,0.0,2,7,0,0.0
4ddefab6-8eeb-450e-8540-0254c1970532,2024-12-25 06:42:54,32,Nurse,/patient/appointments/cancel,200,6,0,9417,6,2,0,1,1,0.0,0.0,0.0,0.0,0.0,1.0,0.0,0,0.0,0.0,2,6,0,0.0
4068badc-71a0-4e6c-946e-9c71647dd2a5,2025-01-11 05:28:41,32,Nurse,/lab/tests/9209,200,4,15,8549,5,5,1,1,1,0.0,0.0,0.0,0.0,0.0,0.0,1.0,0,0.0,0.0,2,4,0,0.0
c93e9e49-8ecc-4114-bd20-aa3b51e1b83d,2025-01-30 22:41:29,32,Nurse,/claims/status/4138,200,2,14,3030,22,3,1,1,1,0.0,1.0,0.0,0.0,0.0,0.0,0.0,0,0.0,0.0,2,2,0,0.0
8443d8f2-0144-49b1-8a1f-8a93edea54f3,2024-11-30 15:17:23,33,Nurse,/patient/insurance/4139,200,6,3,3031,15,5,0,1,1,0.0,1.0,0.0,0.0,0.0,0.0,0.0,0,0.0,0.0,2,6,0,0.0
5c7a1ae8-515d-4bfd-8103-b11c20410378,2024-12-12 05:26:38,33,Nurse,/pharmacy/refills/5526,200,7,10,4479,5,3,1,1,1,0.0,1.0,0.0,0.0,0.0,0.0,0.0,0,0.0,0.0,2,7,0,0.0
65069c3a-fd72-47eb-adc9-4311b50b9d63,2024-12-28 18:17:51,33,Nurse,/patient/appointments/confirm,201,6,0,9418,18,5,0,1,0,0.0,1.0,0.0,0.0,0.0,0.0,0.0,0,0.0,0.0,2,6,0,0.0
f23e3d10-3fe4-40f2-928d-7a6afd5c0077,2025-01-24 10:39:08,33,Nurse,/patient/appointments/cancel,302,6,0,9417,10,4,0,1,1,0.0,0.0,0.0,0.0,0.0,1.0,0.0,0,0.0,0.0,2,6,0,0.0
34004782-fcb1-4b61-83e1-63e7762e1b57,2025-02-07 10:36:42,33,Nurse,/patient/appointments/confirm,200,6,0,9418,10,4,0,1,1,0.0,0.0,0.0,0.0,0.0,1.0,0.0,0,0.0,0.0,2,6,0,0.0
bce3e02b-99d3-4a27-88d5-e78d9e1fdda9,2025-02-10 23:13:24,33,Nurse,/patient/appointments/cancel,200,6,0,9417,23,0,1,1,0,0.0,1.0,0.0,0.0,0.0,0.0,0.0,0,0.0,0.0,2,6,0,0.0
6b0b35cf-2df6-4db7-8685-d10c146db3c9,2025-02-20 12:04:00,33,Nurse,/billing/invoices/8508?export=true&limit=500,200,1,4,7777,12,3,0,1,1,0.0,0.0,0.0,0.0,0.0,1.0,0.0,0,0.0,0.0,2,1,0,0.0
b58f9fd4-f079-496e-8581-88bebce5be72,2024-12-01 14:24:01,34,Nurse,/patient/appointments/511,200,6,0,4017,14,6,0,1,1,0.0,0.0,0.0,0.0,0.0,1.0,0.0,0,0.0,0.0,2,6,0,0.0
32bd22b2-8a2d-44b5-8825-0aa0f28cb676,2024-12-15 08:39:19,34,Nurse,/billing/invoices/9368?export=true&limit=500,200,1,4,8724,8,6,0,1,1,0.0,0.0,0.0,0.0,0.0,1.0,0.0,0,0.0,0.0,2,1,0,0.0
fac35447-ce5c-4bc6-83d7-c4f2c0e78f39,2025-02-03 02:37:51,34,Nurse,/patient/labs/8951,403,6,6,8265,2,0,1,1,1,0.0,1.0,0.0,0.0,0.0,0.0,0.0,0,0.0,0.0,2,6,0,0.0
efeeb89a-f0e9-440d-964c-8abbf20f6557,2025-02-11 08:57:02,35,Nurse,/claims/status/9693,200,2,14,9081,8,1,0,1,1,0.0,1.0,0.0,0.0,0.0,0.0,0.0,0,0.0,0.0,2,2,0,0.0
55201b8c-d778-4381-9ab2-94c576b32011,2025-01-03 13:32:15,36,Nurse,/lab/results/7065,201,4,11,6189,13,4,0,1,1,0.0,0.0,0.0,0.0,0.0,1.0,0.0,0,0.0,0.0,2,4,0,0.0
9a6f33f3-2c6f-4041-93fb-bd34b9f0e971,2025-02-03 10:55:12,36,Nurse,/lab/tests/8846,200,4,15,8149,10,0,0,1,1,0.0,0.0,0.0,0.0,0.0,1.0,0.0,0,0.0,0.0,2,4,0,0.0
f6230617-9f43-430c-bbd8-279b1ddc5bb3,2025-02-03 17:21:26,36,Nurse,/patient/labs/8536,200,6,6,7808,17,0,0,1,1,0.0,1.0,0.0,0.0,0.0,0.0,0.0,0,0.0,0.0,2,6,0,0.0
6d4b371d-9461-4977-bd3f-afe1e41cdd76,2024-12-21 19:03:23,37,Nurse,/pharmacy/orders/6967,302,7,8,6079,19,5,0,1,1,0.0,0.0,0.0,0.0,0.0,1.0,0.0,0,0.0,0.0,2,7,0,0.0
5a9d8019-37a5-4fda-8193-078693553111,2025-01-10 13:23:31,37,Nurse,/claims/status/5445,200,2,14,4389,13,4,0,1,1,0.0,1.0,0.0,0.0,0.0,0.0,0.0,0,0.0,0.0,2,2,0,0.0
a02ee0cd-aefb-4cb3-9542-899054bc2c63,2025-02-22 11:19:10,37,Nurse,/claims/status/6399,500,2,14,5448,11,5,0,1,1,0.0,0.0,0.0,0.0,1.0,0.0,0.0,0,0.0,0.0,2,2,0,0.0
608c929a-f8af-4c7f-9d29-ac49eedd6a4f,2025-01-15 00:02:18,38,Nurse,/patient/records/2612?export=true&limit=1000,200,6,9,1521,0,2,1,1,1,0.0,0.0,0.0,0.0,0.0,1.0,0.0,0,0.0,0.0,2,6,0,0.0
2bca0260-a381-48ac-9e94-243deed035d2,2025-01-30 12:03:29,38,Nurse,/lab/tests/9333,200,4,15,8686,12,3,0,1,1,0.0,0.0,0.0,0.0,0.0,1.0,0.0,0,0.0,0.0,2,4,0,0.0
2b904cf0-c2b0-47a9-b93b-927f9f303ea7,2025-02-05 11:16:08,38,Nurse,/lab/results/7780,200,4,11,6976,11,2,0,1,1,0.0,0.0,0.0,0.0,0.0,1.0,0.0,0,0.0,0.0,2,4,0,0.0
675e1b10-8fbd-4cd0-b666-63749eb8edae,2024-12-15 06:08:34,39,Nurse,/pharmacy/orders/8478,304,7,8,7744,6,6,0,1,1,0.0,1.0,0.0,0.0,0.0,0.0,0.0,0,0.0,0.0,2,7,0,0.0
1c237604-c9f0-4c4f-8b15-490d4a40a694,2025-01-06 04:13:10,39,Nurse,/patient/labs/9226,403,6,6,8568,4,0,1,1,1,0.0,1.0,0.0,0.0,0.0,0.0,0.0,0,0.0,0.0,2,6,0,0.0
cf7794d2-c15c-44da-a7ea-46c8469010a7,2025-01-08 10:23:55,39,Nurse,/patient/insurance/9155,200,6,3,8490,10,2,0,1,1,0.0,0.0,0.0,0.0,0.0,1.0,0.0,0,0.0,0.0,2,6,0,0.0
b5a1ab28-97d5-4a37-b7c9-ecace0c4a6ed,2025-01-27 13:42:04,39,Nurse,/claims/status/4278,302,2,14,3171,13,0,0,1,1,0.0,1.0,0.0,0.0,0.0,0.0,0.0,0,0.0,0.0,2,2,0,0.0
9bbc3737-58b2-4354-8df9-d292b9034dbf,2025-02-11 12:21:43,39,Nurse,/patient/appointments/confirm,200,6,0,9418,12,1,0,1,1,0.0,0.0,0.0,0.0,0.0,1.0,0.0,0,0.0,0.0,2,6,0,0.0
894a45c4-83f6-4bbb-a10f-e61a05b3aec5,2024-12-01 08:03:49,40,Nurse,/pharmacy/orders/8922,403,7,8,8233,8,6,0,1,1,0.0,0.0,0.0,0.0,0.0,1.0,0.0,0,0.0,0.0,2,7,0,0.0
7aa15a93-de04-4231-b138-b8c7ff8344a3,2024-12-22 11:53:56,40,Nurse,/claims/status/5187,200,2,14,4102,11,6,0,1,1,0.0,1.0,0.0,0.0,0.0,0.0,0.0,0,0.0,0.0,2,2,0,0.0
a2d2fa23-12e7-4033-aad9-d7630b7173ff,2025-01-04 00:57:04,40,Nurse,/patient/labs/4461,200,6,6,3355,0,5,1,1,1,0.0,1.0,0.0,0.0,0.0,0.0,0.0,0,0.0,0.0,2,6,0,0.0
21a682fe-64ed-4186-8062-9a3454225b1b,2025-01-09 07:51:33,40,Nurse,/patient/appointments/confirm,200,6,0,9418,7,3,0,1,1,0.0,0.0,0.0,0.0,0.0,1.0,0.0,0,0.0,0.0,2,6,0,0.0
c2f21436-46d1-4627-8d08-cdd5deb4cfa1,2025-02-04 14:24:04,40,Nurse,/patient/appointments/confirm,200,6,0,9418,14,1,0,1,0,0.0,1.0,0.0,0.0,0.0,0.0,0.0,0,0.0,0.0,2,6,0,0.0
3ed950c1-cf0d-497d-a6c0-98b6b3f9cb41,2025-01-15 10:09:01,41,Nurse,/claims/status/7843,403,2,14,7045,10,2,0,1,1,0.0,1.0,0.0,0.0,0.0,0.0,0.0,0,0.0,0.0,2,2,0,0.0
2af8c080-40be-45df-b278-560b20fa9fde,2024-12-04 10:33:30,42,Nurse,/pharmacy/orders/6124,200,7,8,5144,10,2,0,1,1,0.0,0.0,0.0,0.0,0.0,1.0,0.0,0,0.0,0.0,2,7,0,0.0
672208e1-5571-4cf2-9932-5e79d06c6f7f,2024-12-09 09:52:42,42,Nurse,/patient/appointments/confirm,200,6,0,9418,9,0,0,1,0,0.0,1.0,0.0,0.0,0.0,0.0,0.0,0,0.0,0.0,2,6,0,0.0
d4bcc07f-8173-43ba-aeec-891fb8ff1c8b,2024-12-31 12:42:50,42,Nurse,/lab/tests/7635,200,4,15,6816,12,1,0,1,1,0.0,0.0,0.0,0.0,0.0,0.0,1.0,0,0.0,0.0,2,4,0,0.0
ffb9fe68-f3dd-444e-83b2-17e0d34ea5f9,2025-02-21 14:42:43,42,Nurse,/patient/insurance/5620,302,6,3,4584,14,4,0,1,1,0.0,1.0,0.0,0.0,0.0,0.0,0.0,0,0.0,0.0,2,6,0,0.0
37b74eed-dbc3-4a95-96a1-a16a34d81bf8,2024-11-30 07:15:40,43,Nurse,/patient/insurance/3919,200,6,3,2809,7,5,0,1,1,0.0,1.0,0.0,0.0,0.0,0.0,0.0,0,0.0,0.0,2,6,0,0.0
061cc543-58de-4d26-8f7f-b90e2b557950,2024-12-03 08:52:55,43,Nurse,/pharmacy/orders/8256,200,7,8,7500,8,1,0,1,1,0.0,0.0,0.0,0.0,0.0,1.0,0.0,0,0.0,0.0,2,7,0,0.0
fa64aeec-2366-4037-95d9-911234773104,2024-12-15 09:32:26,43,Nurse,/pharmacy/orders/8210,201,7,8,7450,9,6,0,1,1,0.0,0.0,0.0,0.0,0.0,1.0,0.0,0,0.0,0.0,2,7,0,0.0
e391906a-3d9d-4511-bf55-aea9e54e7e30,2024-12-29 19:47:30,43,Nurse,/patient/insurance/3816,200,6,3,2706,19,6,0,1,1,0.0,1.0,0.0,0.0,0.0,0.0,0.0,0,0.0,0.0,2,6,0,0.0
2e128904-4b9d-41fa-8d49-e684f0ea22e1,2025-01-11 03:15:41,43,Nurse,/lab/tests/8167,500,4,15,7402,3,5,1,1,1,0.0,0.0,0.0,0.0,0.0,1.0,0.0,0,0.0,0.0,2,4,0,0.0
3ded14f2-d59a-44d0-86be-fa5f70ed8589,2025-02-02 03:04:14,43,Nurse,/billing/invoices/8007?export=true&limit=500,200,1,4,7226,3,6,1,1,1,0.0,0.0,0.0,0.0,0.0,0.0,1.0,0,0.0,0.0,2,1,0,0.0
89136838-41e9-4a57-b633-6c296be83df4,2025-01-02 09:13:38,44,Nurse,/patient/labs/1003,302,6,6,5,9,3,0,1,1,0.0,0.0,0.0,0.0,0.0,1.0,0.0,0,0.0,0.0,2,6,0,0.0
15deacc4-6c44-453c-82a9-26fdac46db9b,2024-11-26 06:46:48,45,Nurse,/pharmacy/orders/8490,200,7,8,7758,6,1,0,1,1,0.0,1.0,0.0,0.0,0.0,0.0,0.0,0,0.0,0.0,2,7,0,0.0
29a3fb62-c905-4893-a250-03b4499fd09f,2024-12-07 02:44:17,45,Nurse,/patient/insurance/9164,302,6,3,8500,2,5,1,1,1,0.0,1.0,0.0,0.0,0.0,0.0,0.0,0,0.0,0.0,2,6,0,0.0
4fa80a23-2fc2-46c1-8ec7-f9898cd4dbc9,2025-01-26 07:04:35,45,Nurse,/billing/invoices/6167?export=true&limit=500,200,1,4,5191,7,6,0,1,1,0.0,0.0,0.0,0.0,0.0,0.0,1.0,0,0.0,0.0,2,1,0,0.0
638f6e62-ce81-4e12-b25c-117bb7870767,2025-02-19 05:44:07,45,Nurse,/patient/insurance/3079,403,6,3,1967,5,2,1,1,1,0.0,1.0,0.0,0.0,0.0,0.0,0.0,0,0.0,0.0,2,6,0,0.0
c4213083-07cc-451b-a953-32dbbc1dec67,2024-11-26 07:39:22,46,Staff,/pharmacy/orders/7948,200,7,8,7160,7,1,0,1,1,0.0,0.0,0.0,0.0,0.0,1.0,0.0,0,0.0,0.0,3,7,0,0.0
31c6b3f5-3784-4b42-83f3-951873d010ee,2024-12-13 12:09:59,46,Staff,/pharmacy/refills/7141,403,7,10,6273,12,4,0,1,1,0.0,1.0,0.0,0.0,0.0,0.0,0.0,0,0.0,0.0,3,7,0,0.0
ed8650dc-1d3b-4174-91f0-991560fda488,2025-02-17 12:10:50,46,Staff,/pharmacy/refills/7687,201,7,10,6873,12,0,0,1,1,0.0,0.0,0.0,0.0,0.0,1.0,0.0,0,0.0,0.0,3,7,0,0.0
ea417503-efe7-4aab-9b47-0136f9782675,2025-02-22 12:25:23,46,Staff,/claims/status/6911,200,2,14,6018,12,5,0,1,1,0.0,1.0,0.0,0.0,0.0,0.0,0.0,0,0.0,0.0,3,2,0,0.0
b682bc87-3b81-49fc-a683-6850b93e4f81,2024-12-04 06:16:06,47,Staff,/claims/status/3382,200,2,14,2272,6,2,0,1,1,0.0,1.0,0.0,0.0,0.0,0.0,0.0,0,0.0,0.0,3,2,0,0.0
47fda8f8-f612-40f6-a949-5a9503bba84f,2025-02-08 09:42:32,47,Staff,/patient/scheduling,200,6,12,9419,9,5,0,1,1,0.0,1.0,0.0,0.0,0.0,0.0,0.0,0,0.0,0.0,3,6,0,0.0
bd11c300-4cc7-4c7f-bbd8-133c9421ba4a,2025-02-14 11:37:24,47,Staff,/billing/invoices/3544?export=true&limit=500,403,1,4,2434,11,4,0,1,1,0.0,0.0,0.0,0.0,0.0,1.0,0.0,0,0.0,0.0,3,1,0,0.0
44b32072-6b00-492d-8203-75d3f830e567,2025-02-20 12:19:02,47,Staff,/claims/status/8857,201,2,14,8161,12,3,0,1,1,0.0,1.0,0.0,0.0,0.0,0.0,0.0,0,0.0,0.0,3,2,0,0.0
d390febc-b182-4373-aca6-f7719e8ea515,2024-12-02 11:36:59,48,Staff,/lab/results/7995,500,4,11,7212,11,0,0,1,1,0.0,0.0,0.0,0.0,0.0,0.0,1.0,0,0.0,0.0,3,4,0,0.0
36afd16a-daf1-4734-a10d-7f2c976f77ab,2024-12-09 01:10:48,48,Staff,/pharmacy/refills/7968,200,7,10,7182,1,0,1,1,1,0.0,0.0,0.0,0.0,0.0,1.0,0.0,0,0.0,0.0,3,7,0,0.0
c3dc5464-f53a-405b-ada7-c24f808de493,2024-12-16 23:43:53,48,Staff,/inventory/items/5399?export=true&limit=300,200,3,5,4337,23,0,1,1,1,0.0,0.0,0.0,0.0,0.0,1.0,0.0,0,0.0,0.0,3,3,0,0.0
7e346ddf-1d13-47ad-8769-976f5d563581,2025-01-15 05:52:40,48,Staff,/pharmacy/refills/7990,200,7,10,7207,5,2,1,1,1,0.0,1.0,0.0,0.0,0.0,0.0,0.0,0,0.0,0.0,3,7,0,0.0
54a628d6-f9b9-4d4b-bf19-53807825c536,2024-12-13 07:04:30,49,Staff,/pharmacy/orders/6919,200,7,8,6026,7,4,0,1,1,0.0,0.0,0.0,0.0,0.0,1.0,0.0,0,0.0,0.0,3,7,0,0.0
413040de-86c7-4aea-b759-e0550a6c8cc5,2024-12-18 11:10:32,49,Staff,/claims/status/5962,200,2,14,4963,11,2,0,1,1,0.0,0.0,0.0,0.0,0.0,1.0,0.0,0,0.0,0.0,3,2,0,0.0
64901127-3c50-49da-8c75-bb5410b7c95a,2025-01-07 14:26:54,49,Staff,/patient/scheduling,200,6,12,9419,14,1,0,1,1,0.0,1.0,0.0,0.0,0.0,0.0,0.0,0,0.0,0.0,3,6,0,0.0
b61c2934-dde3-4936-b4ba-24f97be34ed7,2024-12-07 02:39:01,50,Staff,/claims/status/9359,200,2,14,8714,2,5,1,1,1,0.0,1.0,0.0,0.0,0.0,0.0,0.0,0,0.0,0.0,3,2,0,0.0
69e282fd-bd1a-4e44-aa33-c6efc3ad01af,2024-12-13 08:36:35,50,Staff,/patient/invoices/9325?export=true&limit=400,304,6,4,8677,8,4,0,1,1,0.0,0.0,0.0,0.0,0.0,1.0,0.0,0,0.0,0.0,3,6,0,0.0
ff650e15-b88d-4bc4-87d4-767fac9e4d73,2024-12-20 06:59:59,50,Staff,/pharmacy/orders/6739,200,7,8,5826,6,4,0,1,1,0.0,1.0,0.0,0.0,0.0,0.0,0.0,0,0.0,0.0,3,7,0,0.0
737a8669-c0da-47a5-9ae4-b8a907410775,2025-01-07 14:48:51,50,Staff,/patient/invoices/9211?export=true&limit=400,200,6,4,8552,14,1,0,1,1,0.0,0.0,0.0,0.0,0.0,1.0,0.0,0,0.0,0.0,3,6,0,0.0
967919f7-9b07-4d1d-aa44-f694bb4b88c6,2025-01-09 02:52:01,50,Staff,/patient/scheduling,201,6,12,9419,2,3,1,1,1,0.0,1.0,0.0,0.0,0.0,0.0,0.0,0,0.0,0.0,3,6,0,0.0
78f45a3f-09f4-4c18-ab26-55e7e3121554,2025-01-21 06:11:03,50,Staff,/patient/scheduling,200,6,12,9419,6,1,0,1,1,0.0,0.0,0.0,0.0,0.0,1.0,0.0,0,0.0,0.0,3,6,0,0.0
be8a6edd-21c6-4c31-8f7b-709249581657,2025-02-01 08:51:08,50,Staff,/claims/status/5107,302,2,14,4014,8,5,0,1,1,0.0,1.0,0.0,0.0,0.0,0.0,0.0,0,0.0,0.0,3,2,0,0.0
98596ec9-7c76-4c8c-803c-467139c74e6a,2024-11-30 10:37:06,51,Staff,/claims/status/5217,201,2,14,4136,10,5,0,1,1,0.0,1.0,0.0,0.0,0.0,0.0,0.0,0,0.0,0.0,3,2,0,0.0
e961104e-7ef3-44d8-a456-0ea89e995df3,2024-12-09 22:32:14,51,Staff,/claims/status/3564,200,2,14,2454,22,0,1,1,1,0.0,0.0,0.0,0.0,0.0,1.0,0.0,0,0.0,0.0,3,2,0,0.0
57ad9fe7-de9c-4855-b7bd-9d62965a13db,2024-12-16 14:13:31,51,Staff,/claims/status/6969,200,2,14,6081,14,0,0,1,1,0.0,1.0,0.0,0.0,0.0,0.0,0.0,0,0.0,0.0,3,2,0,0.0
595aa8a8-089f-46ca-807b-faa47702baa1,2025-01-02 05:04:32,51,Staff,/pharmacy/refills/5593,201,7,10,4553,5,3,1,1,1,0.0,1.0,0.0,0.0,0.0,0.0,0.0,0,0.0,0.0,3,7,0,0.0
85556184-7733-4e95-9c71-11e226fa0c51,2025-02-07 19:10:49,51,Staff,/claims/status/6552,200,2,14,5619,19,4,0,1,1,0.0,1.0,0.0,0.0,0.0,0.0,0.0,0,0.0,0.0,3,2,0,0.0
5c082dfa-f3ee-4ff8-af00-41a514bb3338,2024-12-03 00:32:23,52,Staff,/patient/scheduling,500,6,12,9419,0,1,1,1,1,0.0,0.0,0.0,0.0,0.0,1.0,0.0,0,0.0,0.0,3,6,0,0.0
cfd67ac7-641a-42b0-9963-cf05126269d8,2025-02-08 11:12:05,52,Staff,/patient/scheduling,200,6,12,9419,11,5,0,1,1,0.0,1.0,0.0,0.0,0.0,0.0,0.0,0,0.0,0.0,3,6,0,0.0
0185b346-126b-4fa2-9c24-00ede57cfe1a,2025-02-23 06:51:30,52,Staff,/pharmacy/orders/6136,201,7,8,5157,6,6,0,1,1,0.0,1.0,0.0,0.0,0.0,0.0,0.0,0,0.0,0.0,3,7,0,0.0
f6a1ce23-2f5b-4950-be2f-f3ed4499b056,2024-12-05 11:13:03,53,Staff,/pharmacy/refills/6811,302,7,10,5907,11,3,0,1,1,0.0,1.0,0.0,0.0,0.0,0.0,0.0,0,0.0,0.0,3,7,0,0.0
209f229d-7f39-4d00-a92d-8b5b7b312a52,2024-12-02 13:59:17,54,Staff,/claims/status/8298,200,2,14,7546,13,0,0,1,1,0.0,1.0,0.0,0.0,0.0,0.0,0.0,0,0.0,0.0,3,2,0,0.0
aa53735e-3343-4e85-9766-de33cd5ac727,2024-12-02 15:04:52,54,Staff,/patient/scheduling,200,6,12,9419,15,0,0,1,1,0.0,1.0,0.0,0.0,0.0,0.0,0.0,0,0.0,0.0,3,6,0,0.0
db48af81-fd11-4d13-b54b-07969b1eaf3a,2025-02-20 05:09:42,54,Staff,/pharmacy/orders/5740,200,7,8,4717,5,3,1,1,1,0.0,1.0,0.0,0.0,0.0,0.0,0.0,0,0.0,0.0,3,7,0,0.0
a04b4b89-5db5-4e06-8ce5-e47eb12c4ad1,2025-01-04 01:34:42,55,Staff,/claims/status/5741,500,2,14,4718,1,5,1,1,1,1.0,0.0,0.0,0.0,0.0,0.0,0.0,0,0.0,0.0,3,2,0,0.0
65b679be-c174-46af-bc70-0c33daa48a73,2025-01-15 07:42:53,55,Staff,/lab/results/8365,200,4,11,7620,7,2,0,1,1,0.0,0.0,0.0,0.0,0.0,1.0,0.0,0,0.0,0.0,3,4,0,0.0
04865c82-215f-4f2b-ab61-8e150afe4ba7,2025-02-02 00:02:14,55,Staff,/patient/scheduling,200,6,12,9419,0,6,1,1,1,0.0,1.0,0.0,0.0,0.0,0.0,0.0,0,0.0,0.0,3,6,0,0.0
94e63d1a-1727-4879-923a-ac3a215fa72c,2025-02-02 22:47:35,55,Staff,/claims/status/4994,200,2,14,3889,22,6,1,1,1,0.0,0.0,0.0,0.0,0.0,1.0,0.0,0,0.0,0.0,3,2,0,0.0
4ec9b4d5-d673-491d-bc9f-47edb36176d0,2025-02-08 05:20:44,55,Staff,/patient/invoices/8179?export=true&limit=400,200,6,4,7415,5,5,1,1,1,0.0,0.0,0.0,0.0,0.0,1.0,0.0,0,0.0,0.0,3,6,0,0.0
dd429663-89b6-4883-bb98-23d9d6b60124,2024-12-09 13:30:45,56,Staff,/claims/status/7356,500,2,14,6509,13,0,0,1,1,0.0,1.0,0.0,0.0,0.0,0.0,0.0,0,0.0,0.0,3,2,0,0.0
500c24fb-b66b-4b9b-a271-d4d136424d70,2025-01-21 14:16:50,56,Staff,/claims/status/6167,200,2,14,5191,14,1,0,1,1,0.0,1.0,0.0,0.0,0.0,0.0,0.0,0,0.0,0.0,3,2,0,0.0
b9033d6a-2483-43a6-9d1b-0b0082d83644,2025-02-21 13:00:35,56,Staff,/claims/status/3430,200,2,14,2320,13,4,0,1,1,0.0,1.0,0.0,0.0,0.0,0.0,0.0,0,0.0,0.0,3,2,0,0.0
c96b51f0-4918-4e00-aefe-0e6cc0390909,2024-12-03 13:43:42,57,Staff,/pharmacy/refills/7699,200,7,10,6886,13,1,0,1,1,0.0,0.0,0.0,0.0,0.0,1.0,0.0,0,0.0,0.0,3,7,0,0.0
83372a5f-49a8-4e90-b9d9-477eb760bd5c,2024-12-20 11:17:52,57,Staff,/claims/status/8516,200,2,14,7786,11,4,0,1,1,0.0,0.0,0.0,0.0,0.0,1.0,0.0,0,0.0,0.0,3,2,0,0.0
716b815b-9f96-42f1-9569-441b13141e3f,2025-01-09 13:00:17,57,Staff,/inventory/items/5198?export=true&limit=300,200,3,5,4114,13,3,0,1,1,0.0,0.0,0.0,0.0,0.0,1.0,0.0,0,0.0,0.0,3,3,0,0.0
709e4099-2c06-4276-9969-8e0321f2c445,2025-02-07 01:17:40,57,Staff,/pharmacy/refills/7825,500,7,10,7025,1,4,1,1,1,0.0,0.0,0.0,1.0,0.0,0.0,0.0,0,0.0,0.0,3,7,0,0.0
943fecd2-d8ee-47ac-95f5-49cfdda090dc,2024-12-05 07:29:36,58,Staff,/inventory/items/6731?export=true&limit=300,200,3,5,5818,7,3,0,1,1,0.0,0.0,0.0,0.0,0.0,1.0,0.0,0,0.0,0.0,3,3,0,0.0
39cb2e63-1bfe-4309-940c-b19c476b4cc9,2024-12-12 14:23:55,58,Staff,/lab/tests/8603,201,4,15,7882,14,3,0,1,1,0.0,0.0,0.0,0.0,0.0,1.0,0.0,0,0.0,0.0,3,4,0,0.0
295f3da4-527c-4a41-b11a-0cfc2ca7e884,2024-12-26 15:24:05,58,Staff,/patient/scheduling,200,6,12,9419,15,3,0,1,1,0.0,1.0,0.0,0.0,0.0,0.0,0.0,0,0.0,0.0,3,6,0,0.0
33f1f33b-471e-41ae-adcb-a9965af25c24,2025-01-04 07:08:23,58,Staff,/pharmacy/orders/7273,201,7,8,6418,7,5,0,1,1,0.0,1.0,0.0,0.0,0.0,0.0,0.0,0,0.0,0.0,3,7,0,0.0
b0729357-6c09-4385-a37e-43be11930921,2025-01-31 15:05:58,58,Staff,/patient/invoices/9093?export=true&limit=400,403,6,4,8422,15,4,0,1,1,0.0,0.0,0.0,0.0,1.0,0.0,0.0,0,0.0,0.0,3,6,0,0.0
e92daa5d-5e38-4b4e-8087-5ee4993f8061,2024-12-17 07:25:01,59,Staff,/pharmacy/refills/6624,200,7,10,5699,7,1,0,1,1,0.0,1.0,0.0,0.0,0.0,0.0,0.0,0,0.0,0.0,3,7,0,0.0
e4fb8a33-7bcf-4881-911c-23b7a02694fe,2025-01-03 06:22:15,59,Staff,/pharmacy/orders/7375,200,7,8,6530,6,4,0,1,1,0.0,1.0,0.0,0.0,0.0,0.0,0.0,0,0.0,0.0,3,7,0,0.0
a966d2bc-793d-4391-9cf5-a0e7295f45f1,2025-01-09 09:05:01,59,Staff,/claims/status/4482,201,2,14,3376,9,3,0,1,1,0.0,1.0,0.0,0.0,0.0,0.0,0.0,0,0.0,0.0,3,2,0,0.0
07449646-eed8-4a5e-85d0-1d704b29674b,2025-02-03 11:08:42,59,Staff,/claims/status/8150,200,2,14,7384,11,0,0,1,1,0.0,0.0,0.0,1.0,0.0,0.0,0.0,0,0.0,0.0,3,2,0,0.0
711520c2-2299-45c2-b3bb-2a6548a53481,2025-02-04 14:59:55,59,Staff,/billing/invoices/5570?export=true&limit=500,200,1,4,4528,14,1,0,1,1,0.0,0.0,0.0,0.0,0.0,1.0,0.0,0,0.0,0.0,3,1,0,0.0
6cca2b91-4098-4d82-b9f5-dc0405c6ed50,2025-02-09 17:32:21,59,Staff,/claims/status/3973,304,2,14,2862,17,6,0,1,1,0.0,1.0,0.0,0.0,0.0,0.0,0.0,0,0.0,0.0,3,2,0,0.0
c50e8bd0-c717-498c-8218-e5f3e5e871cd,2025-02-11 19:48:10,59,Staff,/claims/status/5222,200,2,14,4142,19,1,0,1,1,0.0,1.0,0.0,0.0,0.0,0.0,0.0,0,0.0,0.0,3,2,0,0.0
3cc8dbdb-8e8a-4d83-a79c-d53551b03624,2024-11-28 08:13:40,60,Staff,/pharmacy/refills/9264,304,7,10,8610,8,3,0,1,1,0.0,1.0,0.0,0.0,0.0,0.0,0.0,0,0.0,0.0,3,7,0,0.0
34638ba2-ea8b-4642-8444-df49b9dd7dce,2024-12-26 05:56:23,60,Staff,/claims/status/5004,200,2,14,3900,5,3,1,1,1,0.0,1.0,0.0,0.0,0.0,0.0,0.0,0,0.0,0.0,3,2,0,0.0
1ba4c01c-97ec-44a6-91a5-fd5cc8f25198,2024-12-26 08:55:20,60,Staff,/patient/scheduling,201,6,12,9419,8,3,0,1,1,0.0,1.0,0.0,0.0,0.0,0.0,0.0,0,0.0,0.0,3,6,0,0.0
8987cc33-42b1-446d-9615-126f2201a8db,2024-12-27 04:30:31,60,Staff,/patient/scheduling,200,6,12,9419,4,4,1,1,1,0.0,1.0,0.0,0.0,0.0,0.0,0.0,0,0.0,0.0,3,6,0,0.0
c8f1d887-422c-412b-aa7a-cc4dd6d25593,2025-02-23 09:22:27,60,Staff,/patient/invoices/9761?export=true&limit=400,200,6,4,9155,9,6,0,1,1,0.0,0.0,0.0,0.0,0.0,1.0,0.0,0,0.0,0.0,3,6,0,0.0
67df1321-1873-4976-9317-bf30dad5cf5e,2024-12-31 14:21:20,61,Admin,/admin/users/64,200,0,16,5449,14,1,0,1,1,0.0,1.0,0.0,0.0,0.0,0.0,0.0,0,0.0,0.0,0,0,0,0.025
4a681246-7669-4b0d-bb2f-99bfbceee622,2025-01-21 05:36:28,61,Admin,/admin/logs,200,0,7,9419,5,1,1,1,1,0.0,0.0,0.0,0.0,0.0,1.0,0.0,0,0.0,0.0,0,0,0,0.08
0e110125-e7cb-423e-b33d-8d6d2af7ca56,2024-12-14 08:17:48,64,Admin,/admin/settings/61,200,0,13,5116,8,5,0,1,1,0.0,1.0,0.0,0.0,0.0,0.0,0.0,0,0.0,0.0,0,0,0,0.045
4be6cbcb-ee02-4c6c-9e2f-ed7db1990466,2024-12-16 18:57:52,64,Admin,/patient/records/3797?export=true&limit=1000,200,6,9,2686,18,0,0,1,1,0.0,0.0,0.0,0.0,1.0,0.0,0.0,0,0.0,0.0,0,6,0,0.0
b3f7e92d-2f12-4ee6-a783-36091af9570e,2024-12-09 15:07:31,65,Admin,/admin/settings/63,403,0,13,5338,15,0,0,0,1,0.0,1.0,0.0,0.0,0.0,0.0,0.0,0,0.0,0.0,0,0,0,0.025
896afaa6-9010-422e-9ba0-99f4a77ac682,2025-01-05 08:01:10,65,Admin,/admin/users/64,302,0,16,5449,8,6,0,1,1,0.0,1.0,0.0,0.0,0.0,0.0,0.0,0,0.0,0.0,0,0,0,0.04
a506280e-691f-437d-a133-f06bf2378d99,2024-12-11 12:58:52,66,Admin,/admin/settings/66,200,0,13,5671,12,2,0,1,1,1.0,0.0,0.0,0.0,0.0,0.0,0.0,0,0.0,0.0,0,0,0,0.025
aa7f6176-6197-4195-960e-86102202aa55,2024-12-24 03:01:23,66,Admin,/admin/settings/67,200,0,13,5782,3,1,1,1,1,0.0,1.0,0.0,0.0,0.0,0.0,0.0,0,0.0,0.0,0,0,0,0.04
c3a665f2-fdd8-4946-97a9-641c6dd77bc3,2024-12-24 08:55:00,66,Admin,/admin/settings/66,200,0,13,5671,8,1,0,1,1,0.0,1.0,0.0,0.0,0.0,0.0,0.0,0,0.0,0.0,0,0,0,0.035
dfe3ce18-9e8c-4d56-816d-91fa6ce16989,2025-01-31 00:14:14,67,Admin,/patient/records/7095?export=true&limit=1000,201,6,9,6222,0,4,1,1,1,0.0,0.0,0.0,1.0,0.0,0.0,0.0,0,0.0,0.0,0,6,0,0.0
2fcf6425-648f-4069-b6d8-176d8519d2b7,2025-01-20 09:39:22,68,Admin,/admin/users/62,200,0,16,5227,9,0,0,0,1,0.0,1.0,0.0,0.0,0.0,0.0,0.0,0,0.0,0.0,0,0,0,0.025
f4ac6491-f472-4fe9-9504-9b87d550959e,2024-12-20 09:43:17,69,Admin,/admin/settings/63,200,0,13,5338,9,4,0,1,1,0.0,1.0,0.0,0.0,0.0,0.0,0.0,0,0.0,0.0,0,0,0,0.04
6910bd02-c1f0-454e-a8a5-51e8525f3728,2024-12-08 13:08:17,70,Admin,/admin/users/67,302,0,16,5782,13,6,0,1,1,0.0,1.0,0.0,0.0,0.0,0.0,0.0,0,0.0,0.0,0,0,0,0.025
